<?xml version="1.0" encoding="UTF-8"?>
<beans xmlns="http://www.springframework.org/schema/beans"
       xmlns:xsi="http://www.w3.org/2001/XMLSchema-instance"
       xsi:schemaLocation="http://www.springframework.org/schema/beans
                     http://www.springframework.org/schema/beans/spring-beans-4.0.xsd">

    <!-- redis数据源 -->
    <bean id="poolConfig" class="redis.clients.jedis.JedisPoolConfig">
        <!-- 最大空闲数 -->
        <property name="maxIdle" value="${redis.maxIdle}" />
        <!-- 最大空连接数 -->
        <property name="maxTotal" value="${redis.maxTotal}" />
        <!-- 最大等待时间 -->
        <property name="maxWaitMillis" value="${redis.maxWaitMillis}" />
        <!-- 返回连接时，检测连接是否成功 -->
        <property name="testOnBorrow" value="${redis.testOnBorrow}" />
    </bean>

    <!-- Spring-redis连接池管理工厂 -->
    <bean id="jedisConnectionFactory" class="org.springframework.data.redis.connection.jedis.JedisConnectionFactory">
        <!-- IP地址 -->
        <property name="hostName" value="${redis.host}" />
        <!-- 端口号 -->
        <property name="port" value="${redis.port}" />
        <property name="password" value="${redis.password}" />
        <!-- 超时时间 默认2000-->
        <property name="timeout" value="${redis.timeout}" />
        <!-- 连接池配置引用 -->
        <property name="poolConfig" ref="poolConfig" />
        <!-- usePool：是否使用连接池 -->
        <property name="usePool" value="true"/>
    </bean>

    <!-- redis template definition -->
    <bean id="redisTemplate" class="org.springframework.data.redis.core.RedisTemplate">
        <property name="connectionFactory" ref="jedisConnectionFactory" />
        <property name="keySerializer">
            <bean class="org.springframework.data.redis.serializer.StringRedisSerializer" />
        </property>
        <property name="valueSerializer">
            <bean class="org.springframework.data.redis.serializer.JdkSerializationRedisSerializer" />
        </property>
        <property name="hashKeySerializer">
            <bean class="org.springframework.data.redis.serializer.StringRedisSerializer" />
        </property>
        <property name="hashValueSerializer">
            <bean class="org.springframework.data.redis.serializer.JdkSerializationRedisSerializer" />
        </property>
        <!--开启事务  -->
        <property name="enableTransactionSupport" value="true"/>
    </bean>

</beans>
