<?xml version="1.0" encoding="UTF-8"?>
<configuration>

    <property name="log.info.location" value="/export/Logs/itstack-demo"/>

    <appender name="CONSOLE" class="ch.qos.logback.core.ConsoleAppender">
        <encoder charset="UTF-8">
            <pattern>%d{yyyy-MM-dd HH:mm:ss.SSS} [%thread] %-5level %logger{80}[%L] - %msg%n</pattern>
        </encoder>
    </appender>

    <appender name="SYS_INFO"
              class="ch.qos.logback.core.rolling.RollingFileAppender">
        <file>${log.info.location}/system_info.log</file>
        <append>true</append>
        <filter class="ch.qos.logback.classic.filter.LevelFilter">
            <level>INFO</level>
            <onMatch>ACCEPT</onMatch>
            <onMismatch>DENY</onMismatch>
        </filter>
        <rollingPolicy class="ch.qos.logback.core.rolling.TimeBasedRollingPolicy">
            <fileNamePattern>${log.info.location}/system_info.%d{yyyy-MM-dd}.%i.log
            </fileNamePattern>
            <timeBasedFileNamingAndTriggeringPolicy
                    class="ch.qos.logback.core.rolling.SizeAndTimeBasedFNATP">
                <maxFileSize>100MB</maxFileSize>
            </timeBasedFileNamingAndTriggeringPolicy>
            <maxHistory>100</maxHistory>
        </rollingPolicy>

        <encoder charset="UTF-8">
            <pattern>%d{yyyy-MM-dd HH:mm:ss.SSS} [%thread] %-5level %logger{80}[%L] - %msg%n</pattern>
        </encoder>
    </appender>

    <appender name="SYS_ERROR"
              class="ch.qos.logback.core.rolling.RollingFileAppender">
        <file>${log.info.location}/system_error.log</file>
        <append>true</append>
        <filter class="ch.qos.logback.classic.filter.LevelFilter">
            <level>ERROR</level>
            <onMatch>ACCEPT</onMatch>
            <onMismatch>DENY</onMismatch>
        </filter>
        <rollingPolicy class="ch.qos.logback.core.rolling.TimeBasedRollingPolicy">
            <fileNamePattern>${log.info.location}/system_error.%d{yyyy-MM-dd}.%i.log
            </fileNamePattern>
            <timeBasedFileNamingAndTriggeringPolicy
                    class="ch.qos.logback.core.rolling.SizeAndTimeBasedFNATP">
                <maxFileSize>100MB</maxFileSize>
            </timeBasedFileNamingAndTriggeringPolicy>
            <maxHistory>100</maxHistory>
        </rollingPolicy>

        <encoder charset="UTF-8">
            <pattern>%d{yyyy-MM-dd HH:mm:ss.SSS} [%thread] %-5level %logger{80}[%L] - %msg%n</pattern>
        </encoder>
    </appender>

    <appender name="APP_INFO"
              class="ch.qos.logback.core.rolling.RollingFileAppender">
        <file>${log.info.location}/app_info.log</file>
        <append>true</append>
        <filter class="ch.qos.logback.classic.filter.LevelFilter">
            <level>INFO</level>
            <onMatch>ACCEPT</onMatch>
            <onMismatch>DENY</onMismatch>
        </filter>
        <rollingPolicy class="ch.qos.logback.core.rolling.TimeBasedRollingPolicy">
            <fileNamePattern>${log.info.location}/app_info.%d{yyyy-MM-dd}.%i.log
            </fileNamePattern>
            <timeBasedFileNamingAndTriggeringPolicy
                    class="ch.qos.logback.core.rolling.SizeAndTimeBasedFNATP">
                <maxFileSize>100MB</maxFileSize>
            </timeBasedFileNamingAndTriggeringPolicy>
            <maxHistory>100</maxHistory>
        </rollingPolicy>

        <encoder charset="UTF-8">
            <pattern>%d{yyyy-MM-dd HH:mm:ss.SSS} [%thread] %-5level %logger{80}[%L] - %msg%n</pattern>
        </encoder>
    </appender>

    <appender name="APP_ERROR"
              class="ch.qos.logback.core.rolling.RollingFileAppender">
        <file>${log.info.location}/app_error.log</file>
        <append>true</append>
        <filter class="ch.qos.logback.classic.filter.LevelFilter">
            <level>ERROR</level>
            <onMatch>ACCEPT</onMatch>
            <onMismatch>DENY</onMismatch>
        </filter>
        <rollingPolicy class="ch.qos.logback.core.rolling.TimeBasedRollingPolicy">
            <fileNamePattern>${log.info.location}/app_error.%d{yyyy-MM-dd}.%i.log
            </fileNamePattern>
            <timeBasedFileNamingAndTriggeringPolicy
                    class="ch.qos.logback.core.rolling.SizeAndTimeBasedFNATP">
                <maxFileSize>100MB</maxFileSize>
            </timeBasedFileNamingAndTriggeringPolicy>
            <maxHistory>100</maxHistory>
        </rollingPolicy>

        <encoder charset="UTF-8">
            <pattern>%d{yyyy-MM-dd HH:mm:ss.SSS} [%thread] %-5level %logger{80}[%L] - %msg%n</pattern>
        </encoder>
    </appender>

    <logger name="com.jd" level="INFO" additivity="false">
        <appender-ref ref="CONSOLE"/>
        <appender-ref ref="APP_INFO"/>
        <appender-ref ref="APP_ERROR"/>
    </logger>

    <root level="INFO">
        <appender-ref ref="CONSOLE"/>
        <appender-ref ref="SYS_INFO"/>
        <appender-ref ref="SYS_ERROR"/>
    </root>

</configuration>